FVL,FVI,FVR,AVL,AVR,RVL,RVI,RVR,directory
1904,2357,748,128,269,1490,542,2292,\\192.168.75.251\Shares\FOT_Genesis Data_1\mat\RG3_030223\Perception\Recognition\Recognition_RG3_030223_001.xlsx
2169,1706,1471,445,314,2261,479,1890,\\192.168.75.251\Shares\FOT_Genesis Data_1\mat\RG3_030223\Perception\Recognition\Recognition_RG3_030223_002.xlsx
1789,1642,1474,246,51,1833,1642,2141,\\192.168.75.251\Shares\FOT_Genesis Data_1\mat\RG3_030223\Perception\Recognition\Recognition_RG3_030223_003.xlsx
2053,2004,2406,419,139,1683,831,1559,\\192.168.75.251\Shares\FOT_Genesis Data_1\mat\RG3_030223\Perception\Recognition\Recognition_RG3_030223_004.xlsx
2409,2339,2406,46,19,1525,12,884,\\192.168.75.251\Shares\FOT_Genesis Data_1\mat\RG3_030223\Perception\Recognition\Recognition_RG3_030223_005.xlsx
1537,2280,1361,172,137,1314,1593,2297,\\192.168.75.251\Shares\FOT_Genesis Data_1\mat\RG3_030223\Perception\Recognition\Recognition_RG3_030223_006.xlsx
1750,1090,1588,247,74,1983,665,1275,\\192.168.75.251\Shares\FOT_Genesis Data_1\mat\RG3_030223\Perception\Recognition\Recognition_RG3_030223_007.xlsx
1422,1950,1901,225,43,2263,875,1371,\\192.168.75.251\Shares\FOT_Genesis Data_1\mat\RG3_030223\Perception\Recognition\Recognition_RG3_030223_008.xlsx
1892,1679,1252,280,57,1875,221,1152,\\192.168.75.251\Shares\FOT_Genesis Data_1\mat\RG3_030223\Perception\Recognition\Recognition_RG3_030223_009.xlsx
1139,1422,1757,970,227,441,1056,986,\\192.168.75.251\Shares\FOT_Genesis Data_1\mat\RG3_030223\Perception\Recognition\Recognition_RG3_030223_010.xlsx
1628,2016,1666,452,120,1439,2370,1613,\\192.168.75.251\Shares\FOT_Genesis Data_1\mat\RG3_030223\Perception\Recognition\Recognition_RG3_030223_011.xlsx
1026,833,2053,433,140,1553,68,1823,\\192.168.75.251\Shares\FOT_Genesis Data_1\mat\RG3_030223\Perception\Recognition\Recognition_RG3_030223_012.xlsx
542,2293,1773,10,1057,397,672,2227,\\192.168.75.251\Shares\FOT_Genesis Data_1\mat\RG3_030223\Perception\Recognition\Recognition_RG3_030223_013.xlsx
1907,569,2048,170,120,1572,958,2110,\\192.168.75.251\Shares\FOT_Genesis Data_1\mat\RG3_030223\Perception\Recognition\Recognition_RG3_030223_015.xlsx
1628,2177,2044,96,53,1898,75,1853,\\192.168.75.251\Shares\FOT_Genesis Data_1\mat\RG3_030223\Perception\Recognition\Recognition_RG3_030223_017.xlsx
1959,2013,1749,172,138,1200,1122,1803,\\192.168.75.251\Shares\FOT_Genesis Data_1\mat\RG3_030223\Perception\Recognition\Recognition_RG3_030223_018.xlsx
1740,1898,1529,159,266,1785,2109,1482,\\192.168.75.251\Shares\FOT_Genesis Data_1\mat\RG3_030223\Perception\Recognition\Recognition_RG3_030223_019.xlsx
1848,2192,1645,83,291,660,1842,1634,\\192.168.75.251\Shares\FOT_Genesis Data_1\mat\RG3_030223\Perception\Recognition\Recognition_RG3_030223_021.xlsx
1519,581,1491,251,112,933,199,1161,\\192.168.75.251\Shares\FOT_Genesis Data_1\mat\RG3_030223\Perception\Recognition\Recognition_RG3_030223_022.xlsx
2277,2409,0,67,0,306,460,407,\\192.168.75.251\Shares\FOT_Genesis Data_1\mat\RG3_030223\Perception\Recognition\Recognition_RG3_030223_023.xlsx
2186,2287,61,40,0,228,2211,1785,\\192.168.75.251\Shares\FOT_Genesis Data_1\mat\RG3_030223\Perception\Recognition\Recognition_RG3_030223_024.xlsx
2119,2353,724,30,0,1099,186,1171,\\192.168.75.251\Shares\FOT_Genesis Data_1\mat\RG3_030223\Perception\Recognition\Recognition_RG3_030223_025.xlsx
2277,2400,82,8,0,0,417,86,\\192.168.75.251\Shares\FOT_Genesis Data_1\mat\RG3_030223\Perception\Recognition\Recognition_RG3_030223_026.xlsx
1444,1255,1267,11,0,123,1186,610,\\192.168.75.251\Shares\FOT_Genesis Data_1\mat\RG3_030223\Perception\Recognition\Recognition_RG3_030223_027.xlsx
772,663,1249,22,29,21,432,517,\\192.168.75.251\Shares\FOT_Genesis Data_1\mat\RG3_030223\Perception\Recognition\Recognition_RG3_030223_028.xlsx
1820,892,1653,317,374,1706,662,1294,\\192.168.75.251\Shares\FOT_Genesis Data_1\mat\RG3_030223\Perception\Recognition\Recognition_RG3_030223_029.xlsx
1232,2013,1302,188,520,1668,843,861,\\192.168.75.251\Shares\FOT_Genesis Data_1\mat\RG3_030223\Perception\Recognition\Recognition_RG3_030223_030.xlsx
1667,1968,2369,76,44,1336,1847,1831,\\192.168.75.251\Shares\FOT_Genesis Data_1\mat\RG3_030223\Perception\Recognition\Recognition_RG3_030223_031.xlsx
1626,1683,1971,178,161,420,1812,1930,\\192.168.75.251\Shares\FOT_Genesis Data_1\mat\RG3_030223\Perception\Recognition\Recognition_RG3_030223_032.xlsx
1268,1403,2159,613,166,1082,373,2016,\\192.168.75.251\Shares\FOT_Genesis Data_1\mat\RG3_030223\Perception\Recognition\Recognition_RG3_030223_036.xlsx
1380,139,1968,52,195,1445,2345,1964,\\192.168.75.251\Shares\FOT_Genesis Data_1\mat\RG3_030223\Perception\Recognition\Recognition_RG3_030223_037.xlsx
1888,1872,2387,164,133,1500,972,1360,\\192.168.75.251\Shares\FOT_Genesis Data_1\mat\RG3_030223\Perception\Recognition\Recognition_RG3_030223_038.xlsx
1690,2370,2348,262,452,1623,1191,1598,\\192.168.75.251\Shares\FOT_Genesis Data_1\mat\RG3_030223\Perception\Recognition\Recognition_RG3_030223_039.xlsx
1208,2378,1315,179,1000,1050,476,2397,\\192.168.75.251\Shares\FOT_Genesis Data_1\mat\RG3_030223\Perception\Recognition\Recognition_RG3_030223_040.xlsx
1443,1951,1903,115,212,2128,1107,1917,\\192.168.75.251\Shares\FOT_Genesis Data_1\mat\RG3_030223\Perception\Recognition\Recognition_RG3_030223_041.xlsx
1544,1577,1238,178,10,1069,462,2052,\\192.168.75.251\Shares\FOT_Genesis Data_1\mat\RG3_030223\Perception\Recognition\Recognition_RG3_030223_042.xlsx
1386,813,1759,147,73,2106,2200,2315,\\192.168.75.251\Shares\FOT_Genesis Data_1\mat\RG3_030223\Perception\Recognition\Recognition_RG3_030223_043.xlsx
1866,2397,2182,517,15,2409,1419,0,\\192.168.75.251\Shares\FOT_Genesis Data_1\mat\RG3_030223\Perception\Recognition\Recognition_RG3_030223_058.xlsx
803,0,210,408,4,915,2265,0,\\192.168.75.251\Shares\FOT_Genesis Data_1\mat\RG3_030223\Perception\Recognition\Recognition_RG3_030223_071.xlsx
718,2090,1114,307,1,2100,2017,718,\\192.168.75.251\Shares\FOT_Genesis Data_1\mat\RG3_030223\Perception\Recognition\Recognition_RG3_030223_072.xlsx
990,133,1449,279,223,2097,156,943,\\192.168.75.251\Shares\FOT_Genesis Data_1\mat\RG3_030223\Perception\Recognition\Recognition_RG3_030223_079.xlsx
195,163,1734,43,1397,2090,2254,2288,\\192.168.75.251\Shares\FOT_Genesis Data_1\mat\RG3_030223\Perception\Recognition\Recognition_RG3_030223_080.xlsx
1472,30,578,32,0,2409,619,24,\\192.168.75.251\Shares\FOT_Genesis Data_1\mat\RG3_030223\Perception\Recognition\Recognition_RG3_030223_081.xlsx
290,888,812,5,86,62,582,1342,\\192.168.75.251\Shares\FOT_Genesis Data_1\mat\RG3_030223\Perception\Recognition\Recognition_RG3_030223_082.xlsx
1266,330,1673,29,20,1295,891,1395,\\192.168.75.251\Shares\FOT_Genesis Data_1\mat\RG3_030223\Perception\Recognition\Recognition_RG3_030223_085.xlsx
1301,763,1495,81,5,1414,1378,914,\\192.168.75.251\Shares\FOT_Genesis Data_1\mat\RG3_030223\Perception\Recognition\Recognition_RG3_030223_086.xlsx
972,166,1358,17,31,1393,668,991,\\192.168.75.251\Shares\FOT_Genesis Data_1\mat\RG3_030223\Perception\Recognition\Recognition_RG3_030223_090.xlsx
783,43,1016,19,19,1417,283,475,\\192.168.75.251\Shares\FOT_Genesis Data_1\mat\RG3_030223\Perception\Recognition\Recognition_RG3_030223_092.xlsx
1035,42,879,14,3,1020,784,275,\\192.168.75.251\Shares\FOT_Genesis Data_1\mat\RG3_030223\Perception\Recognition\Recognition_RG3_030223_093.xlsx
762,651,1396,18,16,753,271,1344,\\192.168.75.251\Shares\FOT_Genesis Data_1\mat\RG3_030223\Perception\Recognition\Recognition_RG3_030223_094.xlsx
197,150,888,3,42,40,13,1594,\\192.168.75.251\Shares\FOT_Genesis Data_1\mat\RG3_030223\Perception\Recognition\Recognition_RG3_030223_102.xlsx
1851,1698,2050,393,116,946,1019,2279,\\192.168.75.251\Shares\FOT_Genesis Data_1\mat\RG3_030223\Perception\Recognition\Recognition_RG3_030223_103.xlsx
1431,1857,1084,114,594,1709,1672,830,\\192.168.75.251\Shares\FOT_Genesis Data_1\mat\RG3_030223\Perception\Recognition\Recognition_RG3_030223_104.xlsx
333,1040,583,113,40,987,496,1309,\\192.168.75.251\Shares\FOT_Genesis Data_1\mat\RG3_030223\Perception\Recognition\Recognition_RG3_030223_132.xlsx
1339,1321,1778,10,48,869,1663,1563,\\192.168.75.251\Shares\FOT_Genesis Data_1\mat\RG3_030223\Perception\Recognition\Recognition_RG3_030223_161.xlsx
374,139,1057,16,451,2090,2,2376,\\192.168.75.251\Shares\FOT_Genesis Data_1\mat\RG3_030223\Perception\Recognition\Recognition_RG3_030223_162.xlsx
420,1780,834,4,55,1036,2409,2297,\\192.168.75.251\Shares\FOT_Genesis Data_1\mat\RG3_030223\Perception\Recognition\Recognition_RG3_030223_169.xlsx
31,0,1204,2,92,6,6,1814,\\192.168.75.251\Shares\FOT_Genesis Data_1\mat\RG3_030223\Perception\Recognition\Recognition_RG3_030223_187.xlsx
326,1034,419,55,101,1123,1529,1571,\\192.168.75.251\Shares\FOT_Genesis Data_1\mat\RG3_030223\Perception\Recognition\Recognition_RG3_030223_193.xlsx
372,479,744,752,43,0,38,1013,\\192.168.75.251\Shares\FOT_Genesis Data_1\mat\RG3_030223\Perception\Recognition\Recognition_RG3_030223_194.xlsx
930,1328,1975,105,127,1557,1143,1090,\\192.168.75.251\Shares\FOT_Genesis Data_1\mat\RG3_030223\Perception\Recognition\Recognition_RG3_030223_195.xlsx
1323,1351,1710,157,495,1081,53,1735,\\192.168.75.251\Shares\FOT_Genesis Data_1\mat\RG3_030223\Perception\Recognition\Recognition_RG3_030223_196.xlsx
583,379,461,11,20,1257,306,1200,\\192.168.75.251\Shares\FOT_Genesis Data_1\mat\RG3_030223\Perception\Recognition\Recognition_RG3_030223_198.xlsx
245,824,441,5,623,70,2409,2167,\\192.168.75.251\Shares\FOT_Genesis Data_1\mat\RG3_030223\Perception\Recognition\Recognition_RG3_030223_202.xlsx
554,492,1333,22,506,378,306,1847,\\192.168.75.251\Shares\FOT_Genesis Data_1\mat\RG3_030223\Perception\Recognition\Recognition_RG3_030223_236.xlsx
155,0,993,393,82,579,3,2067,\\192.168.75.251\Shares\FOT_Genesis Data_1\mat\RG3_030223\Perception\Recognition\Recognition_RG3_030223_237.xlsx
1695,696,1684,121,0,0,1006,291,\\192.168.75.251\Shares\FOT_Genesis Data_1\mat\RG3_030223\Perception\Recognition\Recognition_RG3_030223_238.xlsx
418,570,1575,2,20,762,520,388,\\192.168.75.251\Shares\FOT_Genesis Data_1\mat\RG3_030223\Perception\Recognition\Recognition_RG3_030223_243.xlsx
1391,435,1981,19,28,425,654,2047,D:\Shares\Shares\FOT_Genesis Data_1\mat\RG3_030323\Perception\Recognition\Recognition_RG3_030323_008.xlsx
526,782,1551,171,4,917,68,224,D:\Shares\Shares\FOT_Genesis Data_1\mat\RG3_030323\Perception\Recognition\Recognition_RG3_030323_009.xlsx
1378,876,1769,59,31,378,474,1526,D:\Shares\Shares\FOT_Genesis Data_1\mat\RG3_030323\Perception\Recognition\Recognition_RG3_030323_010.xlsx
1791,658,2125,75,2,857,1374,1276,D:\Shares\Shares\FOT_Genesis Data_1\mat\RG3_030323\Perception\Recognition\Recognition_RG3_030323_012.xlsx
1536,1811,1185,345,1,1446,440,973,D:\Shares\Shares\FOT_Genesis Data_1\mat\RG3_030323\Perception\Recognition\Recognition_RG3_030323_013.xlsx
1371,853,1463,77,15,798,1511,669,D:\Shares\Shares\FOT_Genesis Data_1\mat\RG3_030323\Perception\Recognition\Recognition_RG3_030323_022.xlsx
1258,1009,1580,166,40,665,224,1955,D:\Shares\Shares\FOT_Genesis Data_1\mat\RG3_030323\Perception\Recognition\Recognition_RG3_030323_023.xlsx
376,2355,1902,312,42,2393,266,1174,D:\Shares\Shares\FOT_Genesis Data_1\mat\RG3_030323\Perception\Recognition\Recognition_RG3_030323_024.xlsx
1172,1028,1704,5,20,82,119,2320,D:\Shares\Shares\FOT_Genesis Data_1\mat\RG3_030323\Perception\Recognition\Recognition_RG3_030323_025.xlsx
568,7,156,50,9,1830,1,13,D:\Shares\Shares\FOT_Genesis Data_1\mat\RG3_030323\Perception\Recognition\Recognition_RG3_030323_038.xlsx
1521,637,1408,1,124,1097,1,2221,D:\Shares\Shares\FOT_Genesis Data_1\mat\RG3_030323\Perception\Recognition\Recognition_RG3_030323_046.xlsx
119,705,1111,17,41,3,12,1660,D:\Shares\Shares\FOT_Genesis Data_1\mat\RG3_030323\Perception\Recognition\Recognition_RG3_030323_084.xlsx
528,583,625,4,401,177,723,1845,D:\Shares\Shares\FOT_Genesis Data_1\mat\RG3_030323\Perception\Recognition\Recognition_RG3_030323_085.xlsx
847,1258,1996,147,80,1879,720,1938,D:\Shares\Shares\FOT_Genesis Data_1\mat\RG3_030323\Perception\Recognition\Recognition_RG3_030323_086.xlsx
1254,2028,967,199,13,626,579,498,D:\Shares\Shares\FOT_Genesis Data_1\mat\RG3_030323\Perception\Recognition\Recognition_RG3_030323_088.xlsx
2146,2238,2186,563,638,2176,977,2409,D:\Shares\Shares\FOT_Genesis Data_1\mat\RG3_030323\Perception\Recognition\Recognition_RG3_030323_094.xlsx
1596,1922,2340,367,254,406,1585,1742,D:\Shares\Shares\FOT_Genesis Data_1\mat\RG3_030323\Perception\Recognition\Recognition_RG3_030323_095.xlsx
1197,1871,1591,89,45,677,757,1165,D:\Shares\Shares\FOT_Genesis Data_1\mat\RG3_030323\Perception\Recognition\Recognition_RG3_030323_097.xlsx
1061,2385,1103,449,322,2085,1018,1301,D:\Shares\Shares\FOT_Genesis Data_1\mat\RG3_030323\Perception\Recognition\Recognition_RG3_030323_098.xlsx
1949,1891,477,13,2387,130,7,567,D:\Shares\Shares\FOT_Genesis Data_1\mat\RG3_030323\Perception\Recognition\Recognition_RG3_030323_099.xlsx
1526,1215,761,333,23,2138,155,1933,D:\Shares\Shares\FOT_Genesis Data_1\mat\RG3_030323\Perception\Recognition\Recognition_RG3_030323_100.xlsx
1826,1658,2040,295,36,1457,501,1893,D:\Shares\Shares\FOT_Genesis Data_1\mat\RG3_030323\Perception\Recognition\Recognition_RG3_030323_101.xlsx
647,2397,1723,66,161,624,782,2358,D:\Shares\Shares\FOT_Genesis Data_1\mat\RG3_030323\Perception\Recognition\Recognition_RG3_030323_102.xlsx
693,1908,265,41,11,274,1758,1285,D:\Shares\Shares\FOT_Genesis Data_1\mat\RG3_030323\Perception\Recognition\Recognition_RG3_030323_133.xlsx
1080,1033,1824,90,51,508,2409,2409,D:\Shares\Shares\FOT_Genesis Data_1\mat\RG3_030323\Perception\Recognition\Recognition_RG3_030323_140.xlsx
2203,1360,2177,73,804,920,1367,1783,D:\Shares\Shares\FOT_Genesis Data_1\mat\RG3_030323\Perception\Recognition\Recognition_RG3_030323_141.xlsx
917,974,1435,54,94,783,806,2149,D:\Shares\Shares\FOT_Genesis Data_1\mat\RG3_030323\Perception\Recognition\Recognition_RG3_030323_144.xlsx
1498,1319,1974,341,198,890,2409,1380,D:\Shares\Shares\FOT_Genesis Data_1\mat\RG3_030323\Perception\Recognition\Recognition_RG3_030323_145.xlsx
1189,2342,1755,111,59,1182,929,967,D:\Shares\Shares\FOT_Genesis Data_1\mat\RG3_030323\Perception\Recognition\Recognition_RG3_030323_146.xlsx
1345,1326,1435,1056,54,1233,471,1472,D:\Shares\Shares\FOT_Genesis Data_1\mat\RG3_030323\Perception\Recognition\Recognition_RG3_030323_149.xlsx
1211,1377,1931,173,159,1040,2174,2409,D:\Shares\Shares\FOT_Genesis Data_1\mat\RG3_030323\Perception\Recognition\Recognition_RG3_030323_150.xlsx
1177,2409,830,463,2,2126,1456,1158,D:\Shares\Shares\FOT_Genesis Data_1\mat\RG3_030323\Perception\Recognition\Recognition_RG3_030323_151.xlsx
1610,1367,920,427,66,1962,477,2070,D:\Shares\Shares\FOT_Genesis Data_1\mat\RG3_030323\Perception\Recognition\Recognition_RG3_030323_152.xlsx
970,2371,1655,142,1029,2279,762,1733,D:\Shares\Shares\FOT_Genesis Data_1\mat\RG3_030323\Perception\Recognition\Recognition_RG3_030323_153.xlsx
704,0,520,58,180,1222,121,1260,D:\Shares\Shares\FOT_Genesis Data_1\mat\RG3_030323\Perception\Recognition\Recognition_RG3_030323_154.xlsx
533,775,1702,41,312,540,1953,2256,D:\Shares\Shares\FOT_Genesis Data_1\mat\RG3_030323\Perception\Recognition\Recognition_RG3_030323_155.xlsx
1013,0,1082,58,67,1332,1149,2005,D:\Shares\Shares\FOT_Genesis Data_1\mat\RG3_030323\Perception\Recognition\Recognition_RG3_030323_156.xlsx
1011,2353,2244,140,1299,864,1010,1176,D:\Shares\Shares\FOT_Genesis Data_1\mat\RG3_030323\Perception\Recognition\Recognition_RG3_030323_157.xlsx
621,0,441,587,32,1638,1189,425,D:\Shares\Shares\FOT_Genesis Data_1\mat\RG3_030323\Perception\Recognition\Recognition_RG3_030323_159.xlsx
425,0,580,260,22,1203,2,1524,D:\Shares\Shares\FOT_Genesis Data_1\mat\RG3_030323\Perception\Recognition\Recognition_RG3_030323_160.xlsx
715,230,278,29,61,948,874,445,D:\Shares\Shares\FOT_Genesis Data_1\mat\RG3_030323\Perception\Recognition\Recognition_RG3_030323_161.xlsx
321,0,168,21,228,1612,5,1199,D:\Shares\Shares\FOT_Genesis Data_1\mat\RG3_030323\Perception\Recognition\Recognition_RG3_030323_164.xlsx
444,0,311,30,20,292,2,1260,D:\Shares\Shares\FOT_Genesis Data_1\mat\RG3_030323\Perception\Recognition\Recognition_RG3_030323_166.xlsx
818,447,1385,44,177,988,2378,2140,D:\Shares\Shares\FOT_Genesis Data_1\mat\RG3_030323\Perception\Recognition\Recognition_RG3_030323_168.xlsx
418,352,59,300,25,1439,899,1570,D:\Shares\Shares\FOT_Genesis Data_1\mat\RG3_030323\Perception\Recognition\Recognition_RG3_030323_169.xlsx
1290,0,95,49,24,1173,1209,987,D:\Shares\Shares\FOT_Genesis Data_1\mat\RG3_030323\Perception\Recognition\Recognition_RG3_030323_170.xlsx
388,0,1119,35,36,1450,285,624,D:\Shares\Shares\FOT_Genesis Data_1\mat\RG3_030323\Perception\Recognition\Recognition_RG3_030323_171.xlsx
186,0,1131,12,21,1293,1,969,D:\Shares\Shares\FOT_Genesis Data_1\mat\RG3_030323\Perception\Recognition\Recognition_RG3_030323_172.xlsx
350,902,557,24,530,1685,867,2060,D:\Shares\Shares\FOT_Genesis Data_1\mat\RG3_030323\Perception\Recognition\Recognition_RG3_030323_173.xlsx
85,0,258,8,74,372,3,1027,D:\Shares\Shares\FOT_Genesis Data_1\mat\RG3_030323\Perception\Recognition\Recognition_RG3_030323_174.xlsx
663,0,140,18,22,1050,1234,420,D:\Shares\Shares\FOT_Genesis Data_1\mat\RG3_030323\Perception\Recognition\Recognition_RG3_030323_175.xlsx
1492,0,358,25,66,544,1297,2211,D:\Shares\Shares\FOT_Genesis Data_1\mat\RG3_030323\Perception\Recognition\Recognition_RG3_030323_176.xlsx
147,0,122,8,8,1743,1314,1207,D:\Shares\Shares\FOT_Genesis Data_1\mat\RG3_030323\Perception\Recognition\Recognition_RG3_030323_177.xlsx
406,2409,461,201,209,842,5,2181,D:\Shares\Shares\FOT_Genesis Data_1\mat\RG3_030323\Perception\Recognition\Recognition_RG3_030323_181.xlsx
36,0,171,2,15,4,1781,1661,D:\Shares\Shares\FOT_Genesis Data_1\mat\RG3_030323\Perception\Recognition\Recognition_RG3_030323_205.xlsx
1129,261,694,64,0,157,26,784,D:\Shares\Shares\FOT_Genesis Data_1\mat\RG3_030323\Perception\Recognition\Recognition_RG3_030323_207.xlsx
647,26,793,1566,74,1755,24,1890,D:\Shares\Shares\FOT_Genesis Data_1\mat\RG3_030323\Perception\Recognition\Recognition_RG3_030323_209.xlsx
325,0,1445,1,404,567,14,425,D:\Shares\Shares\FOT_Genesis Data_1\mat\RG3_030323\Perception\Recognition\Recognition_RG3_030323_210.xlsx
1188,195,1540,14,6,0,2409,644,D:\Shares\Shares\FOT_Genesis Data_1\mat\RG3_030323\Perception\Recognition\Recognition_RG3_030323_211.xlsx
767,1774,1526,80,42,1024,152,137,D:\Shares\Shares\FOT_Genesis Data_1\mat\RG3_030423\Perception\Recognition\Recognition_RG3_030423_002.xlsx
578,0,327,1097,0,586,288,449,D:\Shares\Shares\FOT_Genesis Data_1\mat\RG3_030423\Perception\Recognition\Recognition_RG3_030423_005.xlsx
1155,800,1840,305,111,970,24,1941,D:\Shares\Shares\FOT_Genesis Data_1\mat\RG3_030423\Perception\Recognition\Recognition_RG3_030423_006.xlsx
1222,2038,1638,174,64,1652,662,600,D:\Shares\Shares\FOT_Genesis Data_1\mat\RG3_030423\Perception\Recognition\Recognition_RG3_030423_007.xlsx
1232,2316,1712,79,222,467,197,1401,D:\Shares\Shares\FOT_Genesis Data_1\mat\RG3_030423\Perception\Recognition\Recognition_RG3_030423_008.xlsx
867,34,660,64,39,1760,322,1019,D:\Shares\Shares\FOT_Genesis Data_1\mat\RG3_030423\Perception\Recognition\Recognition_RG3_030423_009.xlsx
777,2009,1779,14,0,242,245,1998,D:\Shares\Shares\FOT_Genesis Data_1\mat\RG3_030423\Perception\Recognition\Recognition_RG3_030423_011.xlsx
1554,1049,2037,186,273,614,1114,543,D:\Shares\Shares\FOT_Genesis Data_1\mat\RG3_030423\Perception\Recognition\Recognition_RG3_030423_029.xlsx
2211,1522,2395,36,29,631,1220,1976,D:\Shares\Shares\FOT_Genesis Data_1\mat\RG3_030423\Perception\Recognition\Recognition_RG3_030423_030.xlsx
2095,199,309,1,19,110,2373,233,D:\Shares\Shares\FOT_Genesis Data_1\mat\RG3_030423\Perception\Recognition\Recognition_RG3_030423_031.xlsx
401,597,765,25,17,820,440,200,D:\Shares\Shares\FOT_Genesis Data_1\mat\RG3_030423\Perception\Recognition\Recognition_RG3_030423_040.xlsx
545,2409,439,5,220,453,8,19,D:\Shares\Shares\FOT_Genesis Data_1\mat\RG3_030423\Perception\Recognition\Recognition_RG3_030423_046.xlsx
1107,0,14,8,0,112,605,18,D:\Shares\Shares\FOT_Genesis Data_1\mat\RG3_030423\Perception\Recognition\Recognition_RG3_030423_049.xlsx
2356,1985,2358,14,75,131,134,1090,D:\Shares\Shares\FOT_Genesis Data_1\mat\RG3_030423\Perception\Recognition\Recognition_RG3_030423_067.xlsx
1577,1856,1419,1,335,161,1143,2249,D:\Shares\Shares\FOT_Genesis Data_1\mat\RG3_030423\Perception\Recognition\Recognition_RG3_030423_073.xlsx
1430,1593,1761,59,203,0,389,2409,D:\Shares\Shares\FOT_Genesis Data_1\mat\RG3_030423\Perception\Recognition\Recognition_RG3_030423_078.xlsx
1606,1547,1195,500,14,993,362,1090,D:\Shares\Shares\FOT_Genesis Data_1\mat\RG3_030423\Perception\Recognition\Recognition_RG3_030423_082.xlsx
1059,2021,2197,792,447,2015,2409,2409,D:\Shares\Shares\FOT_Genesis Data_1\mat\RG3_030423\Perception\Recognition\Recognition_RG3_030423_085.xlsx
2080,2314,1603,551,395,2095,471,1636,D:\Shares\Shares\FOT_Genesis Data_1\mat\RG3_030423\Perception\Recognition\Recognition_RG3_030423_086.xlsx
1459,1889,2211,257,68,1861,201,801,D:\Shares\Shares\FOT_Genesis Data_1\mat\RG3_030423\Perception\Recognition\Recognition_RG3_030423_087.xlsx
1498,2326,2409,698,59,2369,1987,1799,D:\Shares\Shares\FOT_Genesis Data_1\mat\RG3_030423\Perception\Recognition\Recognition_RG3_030423_088.xlsx
1249,1898,1615,44,41,861,1242,1405,D:\Shares\Shares\FOT_Genesis Data_1\mat\RG3_030423\Perception\Recognition\Recognition_RG3_030423_089.xlsx
879,1434,1595,170,37,530,890,1270,D:\Shares\Shares\FOT_Genesis Data_1\mat\RG3_030423\Perception\Recognition\Recognition_RG3_030423_090.xlsx
859,1566,1494,280,34,1861,1607,468,D:\Shares\Shares\FOT_Genesis Data_1\mat\RG3_030423\Perception\Recognition\Recognition_RG3_030423_091.xlsx
1862,1626,541,174,0,1780,2394,0,D:\Shares\Shares\FOT_Genesis Data_1\mat\RG3_030423\Perception\Recognition\Recognition_RG3_030423_092.xlsx
1380,1058,1673,59,54,474,435,1335,D:\Shares\Shares\FOT_Genesis Data_1\mat\RG3_030423\Perception\Recognition\Recognition_RG3_030423_096.xlsx
1587,1996,972,557,39,1960,1261,1903,D:\Shares\Shares\FOT_Genesis Data_1\mat\RG3_030423\Perception\Recognition\Recognition_RG3_030423_097.xlsx
2088,2164,1128,245,0,1953,447,673,D:\Shares\Shares\FOT_Genesis Data_1\mat\RG3_030423\Perception\Recognition\Recognition_RG3_030423_098.xlsx
1577,2257,1093,564,238,1068,1399,1458,D:\Shares\Shares\FOT_Genesis Data_1\mat\RG3_030423\Perception\Recognition\Recognition_RG3_030423_099.xlsx
1759,1402,1298,847,38,1553,1341,796,D:\Shares\Shares\FOT_Genesis Data_1\mat\RG3_030423\Perception\Recognition\Recognition_RG3_030423_100.xlsx
1210,2143,1938,577,471,1632,755,2232,D:\Shares\Shares\FOT_Genesis Data_1\mat\RG3_030423\Perception\Recognition\Recognition_RG3_030423_101.xlsx
1898,101,1672,168,154,1177,1881,1306,D:\Shares\Shares\FOT_Genesis Data_1\mat\RG3_030423\Perception\Recognition\Recognition_RG3_030423_102.xlsx
1882,2346,1130,561,108,2149,2409,325,D:\Shares\Shares\FOT_Genesis Data_1\mat\RG3_030423\Perception\Recognition\Recognition_RG3_030423_103.xlsx
179,2332,1659,105,298,916,747,1336,D:\Shares\Shares\FOT_Genesis Data_1\mat\RG3_030423\Perception\Recognition\Recognition_RG3_030423_104.xlsx
1333,1122,1911,310,460,1110,2394,2042,D:\Shares\Shares\FOT_Genesis Data_1\mat\RG3_030423\Perception\Recognition\Recognition_RG3_030423_105.xlsx
1331,1083,1639,735,669,539,319,0,D:\Shares\Shares\FOT_Genesis Data_1\mat\RG3_030423\Perception\Recognition\Recognition_RG3_030423_108.xlsx
1301,1497,2247,267,383,1301,662,2070,D:\Shares\Shares\FOT_Genesis Data_1\mat\RG3_030423\Perception\Recognition\Recognition_RG3_030423_109.xlsx
1051,1441,1649,339,1257,1314,211,2409,D:\Shares\Shares\FOT_Genesis Data_1\mat\RG3_030423\Perception\Recognition\Recognition_RG3_030423_110.xlsx
869,2183,1244,152,14,1746,1456,847,D:\Shares\Shares\FOT_Genesis Data_1\mat\RG3_030423\Perception\Recognition\Recognition_RG3_030423_111.xlsx
772,902,1127,10,17,1037,240,561,D:\Shares\Shares\FOT_Genesis Data_1\mat\RG3_030423\Perception\Recognition\Recognition_RG3_030423_116.xlsx
2352,1394,1965,318,236,1465,2390,2069,D:\Shares\Shares\FOT_Genesis Data_1\mat\RG3_030423\Perception\Recognition\Recognition_RG3_030423_119.xlsx
1837,1956,1656,155,311,1398,1082,1168,D:\Shares\Shares\FOT_Genesis Data_1\mat\RG3_030423\Perception\Recognition\Recognition_RG3_030423_120.xlsx
1198,2277,606,402,6,993,1877,684,D:\Shares\Shares\FOT_Genesis Data_1\mat\RG3_030423\Perception\Recognition\Recognition_RG3_030423_121.xlsx
1798,683,1137,194,1122,1403,277,922,D:\Shares\Shares\FOT_Genesis Data_1\mat\RG3_030423\Perception\Recognition\Recognition_RG3_030423_124.xlsx
1099,2342,1527,313,208,1072,77,2024,D:\Shares\Shares\FOT_Genesis Data_1\mat\RG3_030423\Perception\Recognition\Recognition_RG3_030423_126.xlsx
1670,2273,1261,631,73,1844,178,0,D:\Shares\Shares\FOT_Genesis Data_1\mat\RG3_030423\Perception\Recognition\Recognition_RG3_030423_127.xlsx
1781,1184,512,1399,48,929,2379,754,D:\Shares\Shares\FOT_Genesis Data_1\mat\RG3_030423\Perception\Recognition\Recognition_RG3_030423_129.xlsx
1614,0,456,807,143,1700,1425,1124,D:\Shares\Shares\FOT_Genesis Data_1\mat\RG3_030423\Perception\Recognition\Recognition_RG3_030423_130.xlsx
1275,0,325,926,7,2296,1188,694,D:\Shares\Shares\FOT_Genesis Data_1\mat\RG3_030423\Perception\Recognition\Recognition_RG3_030423_131.xlsx
789,1892,1285,641,188,878,1141,1796,D:\Shares\Shares\FOT_Genesis Data_1\mat\RG3_030423\Perception\Recognition\Recognition_RG3_030423_132.xlsx
2047,2216,1714,1663,135,1443,654,624,D:\Shares\Shares\FOT_Genesis Data_1\mat\RG3_030423\Perception\Recognition\Recognition_RG3_030423_133.xlsx
1424,1252,2153,278,271,2042,1997,2103,D:\Shares\Shares\FOT_Genesis Data_1\mat\RG3_030423\Perception\Recognition\Recognition_RG3_030423_134.xlsx
1311,1932,1907,367,208,942,608,2127,D:\Shares\Shares\FOT_Genesis Data_1\mat\RG3_030423\Perception\Recognition\Recognition_RG3_030423_135.xlsx
1751,2301,2068,501,527,1941,934,2256,D:\Shares\Shares\FOT_Genesis Data_1\mat\RG3_030423\Perception\Recognition\Recognition_RG3_030423_136.xlsx
1728,2180,2059,285,503,1736,1767,2409,D:\Shares\Shares\FOT_Genesis Data_1\mat\RG3_030423\Perception\Recognition\Recognition_RG3_030423_137.xlsx
2009,2183,1935,331,131,2354,1053,1051,D:\Shares\Shares\FOT_Genesis Data_1\mat\RG3_030423\Perception\Recognition\Recognition_RG3_030423_138.xlsx
2120,1995,2168,127,165,1983,916,2057,D:\Shares\Shares\FOT_Genesis Data_1\mat\RG3_030423\Perception\Recognition\Recognition_RG3_030423_139.xlsx
2369,1263,2294,1159,100,2129,709,1635,D:\Shares\Shares\FOT_Genesis Data_1\mat\RG3_030423\Perception\Recognition\Recognition_RG3_030423_140.xlsx
2095,1073,2017,545,263,2126,1175,2287,D:\Shares\Shares\FOT_Genesis Data_1\mat\RG3_030423\Perception\Recognition\Recognition_RG3_030423_141.xlsx
1910,1672,2409,124,25,1512,2409,1512,D:\Shares\Shares\FOT_Genesis Data_1\mat\RG3_030423\Perception\Recognition\Recognition_RG3_030423_142.xlsx
1844,2409,2330,164,199,1303,1084,2326,D:\Shares\Shares\FOT_Genesis Data_1\mat\RG3_030423\Perception\Recognition\Recognition_RG3_030423_143.xlsx
2138,2272,1903,367,834,1968,850,1737,D:\Shares\Shares\FOT_Genesis Data_1\mat\RG3_030423\Perception\Recognition\Recognition_RG3_030423_144.xlsx
375,1848,2391,8,14,200,45,2288,D:\Shares\Shares\FOT_Genesis Data_1\mat\RG3_030423\Perception\Recognition\Recognition_RG3_030423_145.xlsx
2184,2001,1293,223,187,1585,2245,1187,D:\Shares\Shares\FOT_Genesis Data_1\mat\RG3_030423\Perception\Recognition\Recognition_RG3_030423_146.xlsx
1426,1716,2011,213,61,2267,30,1475,D:\Shares\Shares\FOT_Genesis Data_1\mat\RG3_030423\Perception\Recognition\Recognition_RG3_030423_147.xlsx
